,Weight,std
CCI_score,0.0633772150202659,0.0149050571942345
post_dm_acarbose_Yes,0.0157505108364317,0.006024458452348
post_htn_raas_Yes,0.0079054031420627,0.0049758348003266
入院年龄,0.0075168324791477,0.0051947482219453
post_dm_metformin_Yes,0.0063980169497202,0.0034768373966799
纤维蛋白原,0.0063779184671556,0.0028311685134448
葡萄糖,0.0057749639902186,0.0046878558680747
尿素氮,0.00447526211771,0.0058772016790874
肌酸激酶,0.0042809767862525,0.0025488383902907
渗透压,0.001601179110977,0.0024125063686112
